ID,Most Recent,Record Status
20150405469,Electric Temporary Service,C of O Issued
20170716256,None,Closed
20170716257,None,Closed
20171022237,Electric Temporary Service,Issued
20181131303,Electric Temporary Service,Permit Issued
20190820760,Roof Sheathing,Issued
20190820763,Electric Temporary Service,Issued
20190820765,Roof Sheathing,Issued
20190820766,Electric Temporary Service,Issued
20190820767,Roof Sheathing,Issued
20190820867,Dry In,Issued
20190820962,Roof Sheathing,Issued
20190820966,None,Expired
20190820967,None,Issued
20190820968,None,Issued
20190820973,None,Issued
20190820975,None,Issued
20190820976,Electric Temporary Service,Issued
20191026275,Electric Temporary Service,Permit Issued
20191230057,Electric Temporary Service,Issued
20191230061,Dry In,Issued
20200306591,Electric Temporary Service,Permit Issued
20200719738,Electric Temporary Service,C of O Issued
20200720284,Electric Temporary Service,C of O Issued
20200721011,Electric Temporary Service,Permit Issued
20200925541,Electric Temporary Service,Permit Issued
20200926060,None,Expired
20200926944,Electric Temporary Service,C of O Issued
20200927105,Electric Temporary Service,Permit Issued
20200927926,Electric Temporary Service,Permit Issued
20200927927,Electric Temporary Service,C of O Issued
20200928035,Electric Rough,Permit Issued
20201029625,Dry In,Permit Issued - In Review
20201030530,None,Expired
20201132229,Error,Error
20201132340,Error,Error
20201134193,Error,Error
20201235070,Error,Error
20201236867,Error,Error
20201237322,Error,Error
20201237408,Error,Error
20201238033,Error,Error
20201238036,Error,Error
20201238167,Error,Error
20201238233,Error,Error
20201238241,Error,Error
20201238369,Error,Error
20201238370,Error,Error
20201238371,Error,Error
20201238372,Error,Error
20210101140,Error,Error
20210101761,Error,Error
20210204373,Error,Error
20210204673,Error,Error
20210204702,Error,Error
20210205140,Error,Error
20210205568,Error,Error
20210205576,Error,Error
20210205690,Error,Error
20210205792,Error,Error
20210205982,Error,Error
20210206179,Error,Error
20210206418,Error,Error
20210206540,Error,Error
20210206564,Error,Error
20210206623,Error,Error
20210206625,Error,Error
20210206626,Error,Error
20210206626,Error,Error
20210206808,Error,Error
20210307005,Error,Error
20210307043,Error,Error
20210307161,Error,Error
20210307202,Error,Error
20210307438,Error,Error
20210307439,Error,Error
20210307739,Error,Error
20210308012,Error,Error
20210308346,Error,Error
20210308410,Error,Error
20210308441,Error,Error
20210308739,Error,Error
20210308780,Error,Error
20210308909,Error,Error
20210308964,Error,Error
20210308971,Error,Error
20210309020,Error,Error
20210309517,Error,Error
20210309870,Error,Error
20210309876,Error,Error
20210310208,Error,Error
20210310212,Error,Error
20210310215,Error,Error
20210310279,Error,Error
20210310399,Error,Error
20210310544,Error,Error
20210310546,Error,Error
20210310546,Error,Error
20210310554,Error,Error
20210310674,Error,Error
20210310676,Error,Error
20210310684,Error,Error
20210310686,Error,Error
20210310689,Error,Error
20210310709,Error,Error
20210310807,Error,Error
20210310956,Error,Error
20210310972,Error,Error
20210311029,Error,Error
20210311077,Error,Error
20210311078,Error,Error
20210311081,Error,Error
20210311091,Error,Error
20210311223,Error,Error
20210411382,Error,Error
20210411388,Error,Error
20210411393,Error,Error
20210411659,Error,Error
20210411670,Error,Error
20210412192,Error,Error
20210412404,Error,Error
20210413001,Error,Error
20210413024,Error,Error
20210413034,Error,Error
20210413035,Error,Error
20210413106,Error,Error
20210413214,Error,Error
20210413664,Error,Error
20210413810,Error,Error
20210413825,Error,Error
20210414163,Error,Error
20210414565,Error,Error
20210414768,Error,Error
20210414964,Error,Error
20210415074,Error,Error
20210415145,Error,Error
20210415189,Error,Error
20210415200,Error,Error
20210415327,Error,Error
20210515779,Error,Error
20210515824,Error,Error
20210515852,Error,Error
20210515902,Error,Error
20210516208,Error,Error
20210516463,Error,Error
20210516467,Error,Error
20210516570,Error,Error
20210516571,Error,Error
20210516721,Error,Error
20210516772,Error,Error
20210516785,Error,Error
20210516797,Error,Error
20210516823,Error,Error
20210516875,Error,Error
20210516877,Error,Error
20210516921,Error,Error
20210516935,Error,Error
20210516943,Error,Error
20210517243,Error,Error
20210517384,Error,Error
20210517421,Error,Error
20210517423,Error,Error
20210517609,Error,Error
20210517847,Error,Error
20210517968,Error,Error
20210518117,Error,Error
20210518150,Error,Error
20210518166,Error,Error
20210518201,Error,Error
20210518529,Error,Error
20210518646,Error,Error
20210518893,Error,Error
20210518932,Error,Error
20210518945,Error,Error
20210518965,Error,Error
20210518992,Error,Error
20210519129,Error,Error
20210519323,Error,Error
20210519364,Error,Error
20210519369,Error,Error
20210519372,Error,Error
20210519392,Error,Error
20210519462,Error,Error
20210519532,Error,Error
20210619679,Error,Error
20210619684,Error,Error
20210619692,Error,Error
20210619700,Error,Error
20210619944,Error,Error
20210620011,Error,Error
20210620133,Error,Error
20210620274,Error,Error
20210620277,Error,Error
20210620287,Error,Error
20210620400,Error,Error
20210620434,Error,Error
20210620437,Error,Error
20210620437,Error,Error
20210620534,Error,Error
20210620588,Error,Error
20210620640,Error,Error
20210620773,Error,Error
20210620800,Error,Error
20210620959,Error,Error
20210621050,Error,Error
20210621155,Error,Error
20210621232,Error,Error
20210621303,Error,Error
20210621365,Error,Error
20210621439,Error,Error
20210621457,Error,Error
20210621458,Error,Error
20210621485,Error,Error
20210621558,Error,Error
20210621562,Error,Error
20210621621,Error,Error
20210621819,Error,Error
20210621978,Error,Error
20210621993,Error,Error
20210622005,Error,Error
20210622078,Error,Error
20210622126,Error,Error
20210622288,Error,Error
20210622357,Error,Error
20210622380,Error,Error
20210622380,Error,Error
20210622618,Error,Error
20210622732,Error,Error
20210622733,Error,Error
20210622785,Error,Error
20210622786,Error,Error
20210622815,Error,Error
20210622827,Error,Error
20210622830,Error,Error
20210622890,Error,Error
20210622909,Error,Error
20210622914,Error,Error
20210622965,Error,Error
20210623068,Error,Error
20210623118,Error,Error
20210623278,Error,Error
20210623308,Error,Error
20210623350,Error,Error
20210623404,Error,Error
20210623428,Error,Error
20210623450,Error,Error
20210623500,Error,Error
20210623514,Error,Error
20210623524,Error,Error
20210623563,Error,Error
20210623600,Error,Error
20210623604,Error,Error
20210623606,Error,Error
20210623614,Error,Error
20210623618,Error,Error
20210623629,Error,Error
20210623636,Error,Error
20210623650,Error,Error
20210623674,Error,Error
20210623678,Error,Error
20210723770,Error,Error
20210723771,Error,Error
20210723776,Error,Error
20210723908,Error,Error
20210724007,Error,Error
20210724057,Error,Error
20210724059,Error,Error
20210724060,Error,Error
20210724062,Error,Error
20210724067,Error,Error
20210724070,Error,Error
20210724131,Error,Error
20210724140,Error,Error
20210724143,Error,Error
20210724155,Error,Error
20210724156,Error,Error
20210724164,Error,Error
20210724210,Error,Error
20210724274,Error,Error
20210724291,Error,Error
20210724320,Error,Error
20210724334,Error,Error
20210724336,Error,Error
20210724411,Error,Error
20210724445,Error,Error
20210724445,Error,Error
20210724592,Error,Error
20210724884,Error,Error
20210724891,Error,Error
20210725011,Error,Error
20210725036,Error,Error
20210725072,Error,Error
20210725097,Error,Error
20210725202,Error,Error
20210725202,Error,Error
20210725298,Error,Error
20210725344,Error,Error
20210725355,Error,Error
20210725385,Error,Error
20210725395,Error,Error
20210725395,Error,Error
20210725597,Error,Error
20210725603,Error,Error
20210725610,Error,Error
20210725667,Error,Error
20210725727,Error,Error
20210725747,Error,Error
20210725765,Error,Error
20210725765,Error,Error
20210725780,Error,Error
20210725796,Error,Error
20210725813,Error,Error
20210725838,Error,Error
20210725928,Error,Error
20210725977,Error,Error
20210726134,Error,Error
20210726351,Error,Error
20210726378,Error,Error
20210726380,Error,Error
20210726430,Error,Error
20210726574,Error,Error
20210726628,Error,Error
20210726629,Error,Error
20210726630,Error,Error
20210726632,Error,Error
20210726637,Error,Error
20210726740,Error,Error
20210726990,Error,Error
20210727001,Error,Error
20210727016,Error,Error
20210727027,Error,Error
20210727073,Error,Error
20210727122,Error,Error
20210727126,Error,Error
20210727138,Error,Error
20210727160,Error,Error
20210727202,Error,Error
20210727215,Error,Error
20210727281,Error,Error
20210727300,Error,Error
20210727314,Error,Error
20210727335,Error,Error
20210727370,Error,Error
20210727383,Error,Error
20210727426,Error,Error
20210727427,Error,Error
20210727471,Error,Error
20210727472,Error,Error
20210727473,Error,Error
20210727477,Error,Error
20210827498,Error,Error
20210827551,Error,Error
20210827552,Error,Error
20210827555,Error,Error
20210827556,Error,Error
20210827559,Error,Error
20210827561,Error,Error
20210827577,Error,Error
20210827578,Error,Error
20210827590,Error,Error
20210827646,Error,Error
20210827649,Error,Error
20210827667,Error,Error
20210827669,Error,Error
20210827676,Error,Error
20210827682,Error,Error
20210827684,Error,Error
20210827704,Error,Error
20210827713,Error,Error
20210827717,Error,Error
20210827793,Error,Error
20210827921,Error,Error
20210827968,Error,Error
20210828214,Error,Error
20210828231,Error,Error
20210828285,Error,Error
20210828294,Error,Error
20210828305,Error,Error
20210828323,Error,Error
20210828324,Error,Error
20210828326,Error,Error
20210828327,Error,Error
20210828423,Error,Error
20210828424,Error,Error
20210828460,Error,Error
20210828556,Error,Error
20210828564,Error,Error
20210828565,Error,Error
20210828623,Error,Error
20210829035,Error,Error
20210829195,Error,Error
20210829198,Error,Error
20210829228,Error,Error
20210829376,Error,Error
20210829395,Error,Error
20210829629,Error,Error
20210829639,Error,Error
20210829720,Error,Error
20210829738,Error,Error
20210829739,Error,Error
20210829745,Error,Error
20210829790,Error,Error
20210829807,Error,Error
20210829828,Error,Error
20210829871,Error,Error
20210829876,Error,Error
20210829892,Error,Error
20210829944,Error,Error
20210829982,Error,Error
20210830014,Error,Error
20210830039,Error,Error
20210830044,Error,Error
20210830071,Error,Error
20210830076,Error,Error
20210830147,Error,Error
20210830175,Error,Error
20210830199,Error,Error
20210830200,Error,Error
20210830201,Error,Error
20210830204,Error,Error
20210830307,Error,Error
20210830308,Error,Error
20210831192,Error,Error
20210831265,Error,Error
20210831321,Error,Error
20210831336,Error,Error
20210831364,Error,Error
20210831388,Error,Error
20210931589,Error,Error
20210931634,Error,Error
20210931716,Error,Error
20210931718,Error,Error
20210931734,Error,Error
20210931737,Error,Error
20210931805,Error,Error
20210931892,Error,Error
20210931960,Error,Error
20210931964,Error,Error
20210931965,Error,Error
20210931977,Error,Error
20210932028,Error,Error
20210932059,Error,Error
20210932090,Error,Error
20210932099,Error,Error
20210932114,Error,Error
20210932126,Error,Error
20210932148,Error,Error
20210932153,Error,Error
20210932163,Error,Error
20210932164,Error,Error
20210932174,Error,Error
20210932198,Error,Error
20210932224,Error,Error
20210932240,Error,Error
20210932251,Error,Error
20210932255,Error,Error
20210932256,Error,Error
20210932259,Error,Error
20210932261,Error,Error
20210932261,Error,Error
20210932263,Error,Error
20210932269,Error,Error
20210932275,Error,Error
20210932287,Error,Error
20210932321,Error,Error
20210932325,Error,Error
20210932346,Error,Error
20210932350,Error,Error
20210932352,Error,Error
20210932355,Error,Error
20210932439,Error,Error
20210932443,Error,Error
20210932584,Error,Error
20210932647,Error,Error
20210932649,Error,Error
20210932654,Error,Error
20210932678,Error,Error
20210932681,Error,Error
20210932692,Error,Error
20210932790,Error,Error
20210932992,Error,Error
20210933082,Error,Error
20210933174,Error,Error
20210933229,Error,Error
20210933265,Error,Error
20210933416,Error,Error
20210933421,Error,Error
20210933485,Error,Error
20210933485,Error,Error
20210933493,Error,Error
20210933767,Error,Error
20210933837,Error,Error
20210933840,Error,Error
20210933970,Error,Error
20210934034,Error,Error
20210934138,Error,Error
20210934160,Error,Error
20210934164,Error,Error
20210934167,Error,Error
20210934167,Error,Error
20210934184,Error,Error
20210934333,Error,Error
20210934338,Error,Error
20210934339,Error,Error
20210934340,Error,Error
20210934422,Error,Error
20210934530,Error,Error
20210934531,Error,Error
20210934559,Error,Error
20210934682,Error,Error
20210934794,Error,Error
20210934794,Error,Error
20210934885,Error,Error
20210935050,Error,Error
20210935058,Error,Error
20210935063,Error,Error
20210935065,Error,Error
20210935067,Error,Error
20210935072,Error,Error
20210935079,Error,Error
20210935127,Error,Error
20211035235,Error,Error
20211035307,Error,Error
20211035521,Error,Error
20211035580,Error,Error
20211035670,Error,Error
20211035702,Error,Error
20211035825,Error,Error
20211035832,Error,Error
20211035835,Error,Error
20211035868,Error,Error
20211035869,Error,Error
20211035928,Error,Error
20211035955,Error,Error
20211036024,Error,Error
20211036026,Error,Error
20211036064,Error,Error
20211036078,Error,Error
20211036090,Error,Error
20211036101,Error,Error
20211036104,Error,Error
20211036129,Error,Error
20211036182,Error,Error
20211036189,Error,Error
20211036195,Error,Error
20211036197,Error,Error
20211036199,Error,Error
20211036211,Error,Error
20211036321,Error,Error
20211036345,Error,Error
20211036350,Error,Error
20211036438,Error,Error
20211036511,Error,Error
20211036595,Error,Error
20211036612,Error,Error
20211036627,Error,Error
20211036638,Error,Error
20211036664,Error,Error
20211036709,Error,Error
20211036728,Error,Error
20211036738,Error,Error
20211036740,Error,Error
20211036742,Error,Error
20211036780,Error,Error
20211036813,Error,Error
20211036825,Error,Error
20211036852,Error,Error
20211036870,Error,Error
20211036876,Error,Error
20211036953,Error,Error
20211036954,Error,Error
20211036959,Error,Error
20211036971,Error,Error
20211036972,Error,Error
20211036993,Error,Error
20211037000,Error,Error
20211037012,Error,Error
20211037063,Error,Error
20211037105,Error,Error
20211037170,Error,Error
20211037175,Error,Error
20211037187,Error,Error
20211037195,Error,Error
20211037203,Error,Error
20211037213,Error,Error
20211037340,Error,Error
20211037349,Error,Error
20211037369,Error,Error
20211037370,Error,Error
20211037371,Error,Error
20211037372,Error,Error
20211037373,Error,Error
20211037374,Error,Error
20211037399,Error,Error
20211037403,Error,Error
20211037489,Error,Error
20211037494,Error,Error
20211037503,Error,Error
20211037551,Error,Error
20211037573,Error,Error
20211037623,Error,Error
20211037664,Error,Error
20211037676,Error,Error
20211037678,Error,Error
20211037687,Error,Error
20211037722,Error,Error
20211037729,Error,Error
20211037743,Error,Error
20211037745,Error,Error
20211037747,Error,Error
20211037773,Error,Error
20211037799,Error,Error
20211037818,Error,Error
20211037827,Error,Error
20211037851,Error,Error
20211037870,Error,Error
20211037918,Error,Error
20211037943,Error,Error
20211037945,Error,Error
20211037984,Error,Error
20211037987,Error,Error
20211037989,Error,Error
20211038050,Error,Error
20211038053,Error,Error
20211038060,Error,Error
20211038095,Error,Error
20211038097,Error,Error
20211038103,Error,Error
20211038139,Error,Error
20211038257,Error,Error
20211038270,Error,Error
20211038328,Error,Error
20211038336,Error,Error
20211038340,Error,Error
20211038342,Error,Error
20211038353,Error,Error
20211038363,Error,Error
20211038365,Error,Error
20211038368,Error,Error
20211038370,Error,Error
20211038375,Error,Error
20211038380,Error,Error
20211038382,Error,Error
20211038524,Error,Error
20211038554,Error,Error
20211038573,Error,Error
20211038583,Error,Error
20211038659,Error,Error
20211038667,Error,Error
20211038689,Error,Error
20211038709,Error,Error
20211038759,Error,Error
20211038764,Error,Error
20211038818,Error,Error
20211038821,Error,Error
20211038875,Error,Error
20211038877,Error,Error
20211038893,Error,Error
20211038930,Error,Error
20211138947,Error,Error
20211138985,Error,Error
20211138993,Error,Error
20211139000,Error,Error
20211139069,Error,Error
20211139071,Error,Error
20211139096,Error,Error
20211139132,Error,Error
20211139149,Error,Error
20211139169,Error,Error
20211139172,Error,Error
20211139177,Error,Error
20211139182,Error,Error
20211139234,Error,Error
20211139237,Error,Error
20211139238,Error,Error
20211139267,Error,Error
20211139344,Error,Error
20211139387,Error,Error
20211139412,Error,Error
20211139421,Error,Error
20211139460,Error,Error
20211139463,Error,Error
20211139464,Error,Error
20211139465,Error,Error
20211139652,Error,Error
20211139654,Error,Error
20211139665,Error,Error
20211139680,Error,Error
20211139689,Error,Error
20211139692,Error,Error
20211139750,Error,Error
20211139756,Error,Error
20211139803,Error,Error
20211139823,Error,Error
20211139867,Error,Error
20211139950,Error,Error
20211140117,Error,Error
20211140118,Error,Error
20211140120,Error,Error
20211140131,Error,Error
20211140372,Error,Error
20211140423,Error,Error
20211140426,Error,Error
20211140429,Error,Error
20211140469,Error,Error
20211140474,Error,Error
20211140566,Error,Error
20211140641,Error,Error
20211140646,Error,Error
20211140701,Error,Error
20211140705,Error,Error
20211140718,Error,Error
20211140844,Error,Error
20211140846,Error,Error
20211140848,Error,Error
20211140858,Error,Error
20211140859,Error,Error
20211140929,Error,Error
20211140936,Error,Error
20211140956,Error,Error
20211140957,Error,Error
20211140973,Error,Error
20211140983,Error,Error
20211141001,Error,Error
20211141002,Error,Error
20211141027,Error,Error
20211141062,Error,Error
20211141076,Error,Error
20211141094,Error,Error
20211141150,Error,Error
20211141168,Error,Error
20211141169,Error,Error
20211141171,Error,Error
20211141196,Error,Error
20211141196,Error,Error
20211141228,Error,Error
20211141246,Error,Error
20211141260,Error,Error
20211141315,Error,Error
20211141371,Error,Error
20211141390,Error,Error
20211141398,Error,Error
20211141414,Error,Error
20211141551,Error,Error
20211141553,Error,Error
20211141582,Error,Error
20211141705,Error,Error
20211141746,Error,Error
20211141815,Error,Error
20211141817,Error,Error
20211141830,Error,Error
20211141864,Error,Error
20211141873,Error,Error
20211142040,Error,Error
20211142044,Error,Error
20211142053,Error,Error
20211142060,Error,Error
20211142067,Error,Error
20211142081,Error,Error
20211142085,Error,Error
20211142091,Error,Error
20211142108,Error,Error
20211142131,Error,Error
20211142133,Error,Error
20211142135,Error,Error
20211142150,Error,Error
20211142155,Error,Error
20211142163,Error,Error
20211142219,Error,Error
20211142352,Error,Error
20211142397,Error,Error
20211142436,Error,Error
20211142505,Error,Error
20211142526,Error,Error
20211142568,Error,Error
20211242582,Error,Error
20211242583,Error,Error
20211242584,Error,Error
20211242613,Error,Error
20211242635,Error,Error
20211242646,Error,Error
20211242713,Error,Error
20211242750,Error,Error
20211242886,Error,Error
20211242889,Error,Error
20211242948,Error,Error
20211242950,Error,Error
20211242981,Error,Error
20211242992,Error,Error
20211243026,Error,Error
20211243186,Error,Error
20211243236,Error,Error
20211243276,Error,Error
20211243314,Error,Error
20211243320,Error,Error
20211243332,Error,Error
20211243380,Error,Error
20211243385,Error,Error
20211243409,Error,Error
20211243417,Error,Error
20211243452,Error,Error
20211243470,Error,Error
20211243547,Error,Error
20211243549,Error,Error
20211243813,Error,Error
20211243820,Error,Error
20211243870,Error,Error
20211243879,Error,Error
20211243881,Error,Error
20211243882,Error,Error
20211243892,Error,Error
20211243951,Error,Error
20211243979,Error,Error
20211243997,Error,Error
20211244039,Error,Error
20211244121,Error,Error
20211244122,Error,Error
20211244125,Error,Error
20211244129,Error,Error
20211244132,Error,Error
20211244135,Error,Error
20211244137,Error,Error
20211244138,Error,Error
20211244139,Error,Error
20211244142,Error,Error
20211244149,Error,Error
20211244293,Error,Error
20211244488,Error,Error
20211244595,Error,Error
20211244607,Error,Error
20211244617,Error,Error
20211244619,Error,Error
20211244628,Error,Error
20211244655,Error,Error
20211244668,Error,Error
20211244693,Error,Error
20211244813,Error,Error
20211244868,Error,Error
20211244968,Error,Error
20211245102,Error,Error
20211245112,Error,Error
20211245119,Error,Error
20211245129,Error,Error
20211245224,Error,Error
20211245249,Error,Error
20211245253,Error,Error
20211245256,Error,Error
20211245263,Error,Error
20211245266,Error,Error
20211245266,Error,Error
20211245274,Error,Error
20211245293,Error,Error
20211245301,Error,Error
20211245313,Error,Error
20211245314,Error,Error
20211245432,Error,Error
20211245448,Error,Error
20211245498,Error,Error
20211245530,Error,Error
20211245532,Error,Error
20211245540,Error,Error
20211245578,Error,Error
20211245585,Error,Error
20211245681,Error,Error
20211245736,Error,Error
20211245795,Error,Error
20211245822,Error,Error
20211245906,Error,Error
20211245909,Error,Error
20211245918,Error,Error
20211245965,Error,Error
20211246001,Error,Error
20211246048,Error,Error
20220100388,Error,Error
20220100423,Error,Error
20220100440,Error,Error
20220100490,Error,Error
20220100517,Error,Error
20220100570,Error,Error
20220100588,Error,Error
20220100599,Error,Error
20220100652,Error,Error
20220100721,Error,Error
20220100857,Error,Error
20220100858,Error,Error
20220100920,Error,Error
20220100930,Error,Error
20220100955,Error,Error
20220100964,Error,Error
20220100966,Error,Error
20220101010,Error,Error
20220101149,Error,Error
20220101156,Error,Error
20220101237,Error,Error
20220101256,Error,Error
20220101264,Error,Error
20220101337,Error,Error
20220101478,Error,Error
20220101525,Error,Error
20220101567,Error,Error
20220101573,Error,Error
20220101602,Error,Error
20220101602,Error,Error
20220101620,Error,Error
20220101635,Error,Error
20220101664,Error,Error
20220101668,Error,Error
20220101673,Error,Error
20220101774,Error,Error
20220101819,Error,Error
20220101949,Error,Error
20220102110,Error,Error
20220102122,Error,Error
20220102325,Error,Error
20220102374,Error,Error
20220102382,Error,Error
20220102719,Error,Error
20220102728,Error,Error
20220102783,Error,Error
20220103156,Error,Error
20220103179,Error,Error
20220103231,Error,Error
20220103238,Error,Error
20220103406,Error,Error
20220103678,Error,Error
20220103728,Error,Error
20220103830,Error,Error
20220103839,Error,Error
20220103862,Error,Error
20220103875,Error,Error
20220103943,Error,Error
20220103948,Error,Error
20220103950,Error,Error
20220103952,Error,Error
20220103959,Error,Error
20220103983,Error,Error
20220104120,Error,Error
20220104159,Error,Error
20220104227,Error,Error
20220104249,Error,Error
20220104254,Error,Error
20220104258,Error,Error
20220104264,Error,Error
20220104273,Error,Error
20220204363,Error,Error
20220204366,Error,Error
20220204372,Error,Error
20220204536,Error,Error
20220204610,Error,Error
20220204719,Error,Error
20220204816,Error,Error
20220204837,Error,Error
20220204855,Error,Error
20220204862,Error,Error
20220204884,Error,Error
20220204972,Error,Error
20220204987,Error,Error
20220205065,Error,Error
20220205144,Error,Error
20220205157,Error,Error
20220205200,Error,Error
20220205275,Error,Error
20220205343,Error,Error
20220205397,Error,Error
20220205674,Error,Error
20220205694,Error,Error
20220205695,Error,Error
20220205780,Error,Error
20220205783,Error,Error
20220205850,Error,Error
20220205850,Error,Error
20220205967,Error,Error
20220206028,Error,Error
20220206111,Error,Error
20220206187,Error,Error
20220206191,Error,Error
20220206201,Error,Error
20220206203,Error,Error
20220206208,Error,Error
20220206278,Error,Error
20220206282,Error,Error
20220206283,Error,Error
20220206290,Error,Error
20220206301,Error,Error
20220206593,Error,Error
20220206682,Error,Error
20220206688,Error,Error
20220206704,Error,Error
20220206740,Error,Error
20220206743,Error,Error
20220206749,Error,Error
20220206795,Error,Error
20220206876,Error,Error
20220206899,Error,Error
20220206909,Error,Error
20220207108,Error,Error
20220207161,Error,Error
20220207210,Error,Error
20220207252,Error,Error
20220207320,Error,Error
20220207439,Error,Error
20220207485,Error,Error
20220207496,Error,Error
20220207556,Error,Error
20220207584,Error,Error
20220207598,Error,Error
20220207606,Error,Error
20220207610,Error,Error
20220207614,Error,Error
20220207619,Error,Error
20220207620,Error,Error
20220207625,Error,Error
20220207663,Error,Error
20220207827,Error,Error
20220207875,Error,Error
20220207884,Error,Error
20220207886,Error,Error
20220207910,Error,Error
20220207914,Error,Error
20220207969,Error,Error
20220207989,Error,Error
20220208092,Error,Error
20220208157,Error,Error
20220208162,Error,Error
20220208162,Error,Error
20220208273,Error,Error
20220208295,Error,Error
20220208301,Error,Error
20220208399,Error,Error
20220208405,Error,Error
20220208547,Error,Error
20220208640,Error,Error
20220208652,Error,Error
20220208655,Error,Error
20220208668,Error,Error
20220208669,Error,Error
20220308873,Error,Error
20220308876,Error,Error
20220308878,Error,Error
20220308931,Error,Error
20220308937,Error,Error
20220308943,Error,Error
20220308945,Error,Error
20220308950,Error,Error
20220308963,Error,Error
20220308969,Error,Error
20220309030,Error,Error
20220309130,Error,Error
20220309147,Error,Error
20220309208,Error,Error
20220309334,Error,Error
20220309334,Error,Error
20220309398,Error,Error
20220309400,Error,Error
20220309457,Error,Error
20220309462,Error,Error
20220309465,Error,Error
20220309471,Error,Error
20220309590,Error,Error
20220309628,Error,Error
20220309636,Error,Error
20220309654,Error,Error
20220309655,Error,Error
20220309664,Error,Error
20220309673,Error,Error
20220309677,Error,Error
20220309753,Error,Error
20220309910,Error,Error
20220309964,Error,Error
20220310213,Error,Error
20220310226,Error,Error
20220310244,Error,Error
20220310249,Error,Error
20220310253,Error,Error
20220310334,Error,Error
20220310348,Error,Error
20220310519,Error,Error
20220310523,Error,Error
20220310545,Error,Error
20220310550,Error,Error
20220310609,Error,Error
20220310656,Error,Error
20220310684,Error,Error
20220310693,Error,Error
20220310705,Error,Error
20220310709,Error,Error
20220310710,Error,Error
20220310711,Error,Error
20220310712,Error,Error
20220310713,Error,Error
20220310768,Error,Error
20220310779,Error,Error
20220310854,Error,Error
20220310890,Error,Error
20220311109,Error,Error
20220311133,Error,Error
20220311236,Error,Error
20220311350,Error,Error
20220311369,Error,Error
20220311380,Error,Error
20220311389,Error,Error
20220311523,Error,Error
20220311530,Error,Error
20220311539,Error,Error
20220311588,Error,Error
20220311651,Error,Error
20220311655,Error,Error
20220311925,Error,Error
20220312152,Error,Error
20220312375,Error,Error
20220312379,Error,Error
20220312406,Error,Error
20220312407,Error,Error
20220312412,Error,Error
20220312503,Error,Error
20220312549,Error,Error
20220312605,Error,Error
20220312644,Error,Error
20220312645,Error,Error
20220312646,Error,Error
20220312647,Error,Error
20220313237,Error,Error
20220313242,Error,Error
20220313285,Error,Error
20220313334,Error,Error
20220313419,Error,Error
20220313427,Error,Error
20220313439,Error,Error
20220313441,Error,Error
20220313534,Error,Error
20220313541,Error,Error
20220313543,Error,Error
20220313601,Error,Error
20220313679,Error,Error
20220313691,Error,Error
20220313701,Error,Error
20220313747,Error,Error
20220313948,Error,Error
20220414066,Error,Error
20220414110,Error,Error
20220414157,Error,Error
20220414158,Error,Error
20220414189,Error,Error
20220414191,Error,Error
20220414192,Error,Error
20220414193,Error,Error
20220414194,Error,Error
20220414195,Error,Error
20220414196,Error,Error
20220414197,Error,Error
20220414198,Error,Error
20220414199,Error,Error
20220414200,Error,Error
20220414201,Error,Error
20220414202,Error,Error
20220414203,Error,Error
20220414264,Error,Error
20220414306,Error,Error
20220414348,Error,Error
20220414502,Error,Error
20220414574,Error,Error
20220414580,Error,Error
20220414747,Error,Error
20220414915,Error,Error
20220414979,Error,Error
20220415019,Error,Error
20220415050,Error,Error
20220415121,Error,Error
20220415158,Error,Error
20220415206,Error,Error
20220415274,Error,Error
20220415383,Error,Error
20220415399,Error,Error
20220415443,Error,Error
20220415545,Error,Error
20220415639,Error,Error
20220415677,Error,Error
20220415699,Error,Error
20220415702,Error,Error
20220415753,Error,Error
20220415820,Error,Error
20220415866,Error,Error
20220415910,Error,Error
20220415986,Error,Error
20220416043,Error,Error
20220416082,Error,Error
20220416115,Error,Error
20220416174,Error,Error
20220416202,Error,Error
20220416220,Error,Error
20220416260,Error,Error
20220416299,Error,Error
20220416403,Error,Error
20220416414,Error,Error
20220416423,Error,Error
20220416434,Error,Error
20220416440,Error,Error
20220416450,Error,Error
20220416451,Error,Error
20220416452,Error,Error
20220416453,Error,Error
20220416456,Error,Error
20220416622,Error,Error
20220416660,Error,Error
20220416973,Error,Error
20220416985,Error,Error
20220416990,Error,Error
20220416992,Error,Error
20220417112,Error,Error
20220417149,Error,Error
20220417188,Error,Error
20220417247,Error,Error
20220417254,Error,Error
20220417412,Error,Error
20220417432,Error,Error
20220417435,Error,Error
20220417612,Error,Error
20220417731,Error,Error
20220417736,Error,Error
20220417755,Error,Error
20220417755,Error,Error
20220417762,Error,Error
20220417762,Error,Error
20220417769,Error,Error
20220417814,Error,Error
20220418051,Error,Error
20220418385,Error,Error
20220418439,Error,Error
20220418461,Error,Error
20220418516,Error,Error
20220418641,Error,Error
20220418711,Error,Error
20220518830,Error,Error
20220519055,Error,Error
20220519065,Error,Error
20220519090,Error,Error
20220519123,Error,Error
20220519139,Error,Error
20220519161,Error,Error
20220519213,Error,Error
20220519227,Error,Error
20220519242,Error,Error
20220519265,Error,Error
20220519292,Error,Error
20220519298,Error,Error
20220519306,Error,Error
20220519310,Error,Error
20220519324,Error,Error
20220519331,Error,Error
20220519338,Error,Error
20220519377,Error,Error
20220519432,Error,Error
20220519468,Error,Error
20220519487,Error,Error
20220519508,Error,Error
20220519542,Error,Error
20220519596,Error,Error
20220519603,Error,Error
20220519608,Error,Error
20220519702,Error,Error
20220519748,Error,Error
20220519817,Error,Error
20220519821,Error,Error
20220519829,Error,Error
20220520019,Error,Error
20220520021,Error,Error
20220520025,Error,Error
20220520026,Error,Error
20220520027,Error,Error
20220520028,Error,Error
20220520029,Error,Error
20220520032,Error,Error
20220520033,Error,Error
20220520034,Error,Error
20220520035,Error,Error
20220520036,Error,Error
20220520037,Error,Error
20220520038,Error,Error
20220520358,Error,Error
20220520407,Error,Error
20220520450,Error,Error
20220520556,Error,Error
20220520695,Error,Error
20220520787,Error,Error
20220520954,Error,Error
20220520955,Error,Error
20220520956,Error,Error
20220520957,Error,Error
20220520958,Error,Error
20220520959,Error,Error
20220520960,Error,Error
20220520961,Error,Error
20220520962,Error,Error
20220520963,Error,Error
20220520964,Error,Error
20220520965,Error,Error
20220520966,Error,Error
20220521160,Error,Error
20220521180,Error,Error
20220521212,Error,Error
20220521236,Error,Error
20220521374,Error,Error
20220521418,Error,Error
20220521478,Error,Error
20220521505,Error,Error
20220521537,Error,Error
20220521647,Error,Error
20220521657,Error,Error
20220521713,Error,Error
20220521753,Error,Error
20220521908,Error,Error
20220521920,Error,Error
20220522022,Error,Error
20220522344,Error,Error
20220522478,Error,Error
20220522489,Error,Error
20220522507,Error,Error
20220522524,Error,Error
20220522533,Error,Error
20220522733,Error,Error
20220522767,Error,Error
20220522873,Error,Error
20220522880,Error,Error
20220522883,Error,Error
20220522887,Error,Error
20220523041,Error,Error
20220623251,Error,Error
20220623322,Error,Error
20220623326,Error,Error
20220623351,Error,Error
20220623377,Error,Error
20220623453,Error,Error
20220623662,Error,Error
20220623737,Error,Error
20220623785,Error,Error
20220623795,Error,Error
20220623797,Error,Error
20220623798,Error,Error
20220623817,Error,Error
20220623963,Error,Error
20220623963,Error,Error
20220623972,Error,Error
20220623979,Error,Error
20220624003,Error,Error
20220624101,Error,Error
20220624144,Error,Error
20220624154,Error,Error
20220624154,Error,Error
20220624226,Error,Error
20220624251,Error,Error
20220624283,Error,Error
20220624289,Error,Error
20220624291,Error,Error
20220624293,Error,Error
20220624296,Error,Error
20220624441,Error,Error
20220624454,Error,Error
20220624464,Error,Error
20220624490,Error,Error
20220624715,Error,Error
20220624773,Error,Error
20220624788,Error,Error
20220624877,Error,Error
20220624908,Error,Error
20220625042,Error,Error
20220625074,Error,Error
20220625090,Error,Error
20220625208,Error,Error
20220625219,Error,Error
20220625225,Error,Error
20220625225,Error,Error
20220625249,Error,Error
20220625376,Error,Error
20220625475,Error,Error
20220625490,Error,Error
20220625515,Error,Error
20220625617,Error,Error
20220625634,Error,Error
20220625671,Error,Error
20220625729,Error,Error
20220625740,Error,Error
20220625912,Error,Error
20220625937,Error,Error
20220625943,Error,Error
20220625945,Error,Error
20220625947,Error,Error
20220625948,Error,Error
20220626013,Error,Error
20220626021,Error,Error
20220626218,Error,Error
20220626370,Error,Error
20220626411,Error,Error
20220626467,Error,Error
20220626646,Error,Error
20220626687,Error,Error
20220626694,Error,Error
20220626729,Error,Error
20220626753,Error,Error
20220626902,Error,Error
20220627022,Error,Error
20220627030,Error,Error
20220627080,Error,Error
20220627254,Error,Error
20220627628,Error,Error
20220627669,Error,Error
20220727990,Error,Error
20220728494,Error,Error
20220728511,Error,Error
20220728695,Error,Error
20220728847,Error,Error
20220729025,Error,Error
20220729111,Error,Error
20220729339,Error,Error
20220729438,Error,Error
20220729477,Error,Error
20220729615,Error,Error
20220729814,Error,Error
20220730094,Error,Error
20220730675,Error,Error
20220730676,Error,Error
20220730748,Error,Error
20220731207,Error,Error
20220731332,Error,Error
20220731356,Error,Error
20220731360,Error,Error
20220731360,Error,Error
20220731365,Error,Error
20220832511,Error,Error
20220832773,Error,Error
20220414190,Error,Error
